date,Open,High,Low,Close,Volume,ret
1990-01-01,353.3999938964844,360.5899963378906,319.8299865722656,329.0799865722656,3793250000,
1990-02-01,329.0799865722656,336.0899963378906,322.1000061035156,331.8900146484375,2961970000,0.008539042758088922
1990-03-01,331.8900146484375,344.489990234375,331.0799865722656,339.94000244140625,3283280000,0.024254986404143253
1990-04-01,339.94000244140625,347.29998779296875,327.760009765625,330.79998779296875,2801220000,-0.02688714062127162
1990-05-01,330.79998779296875,362.260009765625,330.79998779296875,361.2300109863281,3596680000,0.09198919079889456
1990-06-01,361.260009765625,368.7799987792969,351.2300109863281,358.0199890136719,3226280000,-0.008886365681221697
1990-07-01,358.0199890136719,369.7799987792969,350.0899963378906,356.1499938964844,3373540000,-0.005223158411739148
1990-08-01,356.1499938964844,357.3500061035156,306.17999267578125,322.55999755859375,4020730000,-0.09431418479162912
1990-09-01,322.55999755859375,326.5299987792969,295.9800109863281,306.04998779296875,2687280000,-0.051184306456431905
1990-10-01,306.1000061035156,319.69000244140625,294.510009765625,304.0,3671900000,-0.006698212301042394
1990-11-01,303.989990234375,323.0199890136719,301.6099853515625,322.2200012207031,3149770000,0.05993421454178649
1990-12-01,322.2300109863281,333.9800109863281,321.9700012207031,330.2200012207031,3116830000,0.024827757338752088
1991-01-01,330.20001220703125,343.92999267578125,309.3500061035156,343.92999267578125,3660240000,0.0415177499981747
1991-02-01,343.9100036621094,370.9599914550781,340.3699951171875,367.07000732421875,4303170000,0.06728117681278034
1991-03-01,367.07000732421875,379.6600036621094,363.7300109863281,375.2200012207031,3927920000,0.022202832522042026
1991-04-01,375.2200012207031,391.260009765625,370.2699890136719,375.3399963378906,4017200000,0.0003197993624997064
1991-05-01,375.3500061035156,389.8500061035156,365.8299865722656,389.8299865722656,3739700000,0.0386049724936075
1991-06-01,389.80999755859375,389.80999755859375,367.9800109863281,371.1600036621094,3258730000,-0.04789262897479862
1991-07-01,371.17999267578125,387.80999755859375,370.9200134277344,387.80999755859375,3481570000,0.04485934295776639
1991-08-01,387.80999755859375,396.82000732421875,374.0899963378906,395.42999267578125,3713820000,0.019648784624321625
1991-09-01,395.42999267578125,397.6199951171875,382.7699890136719,387.8599853515625,3260990000,-0.019143735843086374
1991-10-01,387.8599853515625,393.80999755859375,376.1099853515625,392.45001220703125,4082380000,0.011834236654519215
1991-11-01,392.4599914550781,398.2200012207031,371.6300048828125,375.2200012207031,3737620000,-0.04390370862630699
1991-12-01,375.1099853515625,418.32000732421875,371.3599853515625,417.0899963378906,4155310000,0.11158785507428148
1992-01-01,417.0299987792969,421.17999267578125,408.6400146484375,408.7799987792969,5286280000,-0.019923751783923582
1992-02-01,408.7900085449219,418.0799865722656,406.3399963378906,412.70001220703125,4267610000,0.00958954312696414
1992-03-01,412.67999267578125,413.7799987792969,401.94000244140625,403.69000244140625,4066240000,-0.02183186212532784
1992-04-01,403.6700134277344,416.2799987792969,392.4100036621094,414.95001220703125,4315840000,0.027892713957560433
1992-05-01,414.95001220703125,418.75,409.8500061035156,415.3500061035156,3643980000,0.0009639568254424802
1992-06-01,415.3500061035156,417.29998779296875,399.9200134277344,408.1400146484375,4259830000,-0.017358833150663777
1992-07-01,408.20001220703125,424.79998779296875,407.20001220703125,424.2099914550781,4265220000,0.039373686063305824
1992-08-01,424.19000244140625,425.1400146484375,408.29998779296875,414.0299987792969,3653820000,-0.02399753160189122
1992-09-01,414.0299987792969,425.2699890136719,412.7099914550781,417.79998779296875,4023850000,0.009105593857418715
1992-10-01,417.79998779296875,421.1600036621094,396.79998779296875,418.67999267578125,4507010000,0.002106282691536565
1992-11-01,418.6600036621094,431.92999267578125,415.5799865722656,431.3500061035156,4148770000,0.03026180770368403
1992-12-01,431.3500061035156,442.6499938964844,428.6099853515625,435.7099914550781,4876150000,0.010107766987062838
1993-01-01,435.70001220703125,442.6600036621094,426.8800048828125,438.7799987792969,5280850000,0.007045987892006611
1993-02-01,438.7799987792969,450.0400085449219,428.25,443.3800048828125,5442450000,0.010483627595407663
1993-03-01,443.3800048828125,456.760009765625,441.07000732421875,451.6700134277344,5766950000,0.01869729905188877
1993-04-01,451.6700134277344,452.6300048828125,432.29998779296875,440.19000244140625,5853170000,-0.025416810160156622
1993-05-01,440.19000244140625,454.54998779296875,436.8599853515625,450.19000244140625,5108640000,0.02271746278774489
1993-06-01,450.2300109863281,455.6300048828125,442.5,450.5299987792969,5544400000,0.0007552285391652092
1993-07-01,450.5400085449219,451.1499938964844,441.3999938964844,448.1300048828125,5308530000,-0.00532704570835929
1993-08-01,448.1300048828125,463.55999755859375,446.94000244140625,463.55999755859375,5506200000,0.03443195614588723
1993-09-01,463.54998779296875,463.79998779296875,449.6400146484375,458.92999267578125,5552720000,-0.009987930164805148
1993-10-01,458.92999267578125,471.1000061035156,456.3999938964844,467.8299865722656,5940460000,0.019392922751884534
1993-11-01,467.8299865722656,469.1099853515625,454.3599853515625,461.7900085449219,5876610000,-0.01291062608362914
1993-12-01,461.92999267578125,471.2900085449219,461.45001220703125,466.45001220703125,5791210000,0.010091174724184304
1994-01-01,466.510009765625,482.8500061035156,464.3599853515625,481.6099853515625,6627390000,0.032500745519977725
1994-02-01,481.6000061035156,482.2300109863281,464.260009765625,467.1400146484375,5853100000,-0.030044997286678532
1994-03-01,467.19000244140625,471.0899963378906,436.1600036621094,445.7699890136719,7225010000,-0.04574651060635082
1994-04-01,445.6600036621094,452.7900085449219,435.8599853515625,450.9100036621094,5735010000,0.011530643100964522
1994-05-01,450.9100036621094,457.7699890136719,440.7799987792969,456.5,5675970000,0.012397144202814125
1994-06-01,456.5,463.2300109863281,439.8299865722656,444.2699890136719,5852670000,-0.026790823628320082
1994-07-01,444.2699890136719,459.3299865722656,443.5799865722656,458.260009765625,4980100000,0.03148990725890011
1994-08-01,458.2799987792969,477.5899963378906,456.0799865722656,475.489990234375,6398750000,0.03759869964992624
1994-09-01,475.489990234375,475.489990234375,458.4700012207031,462.7099914550781,6152870000,-0.026877534841474704
1994-10-01,462.69000244140625,474.739990234375,449.2699890136719,472.3500061035156,6344700000,0.020833815622011143
1994-11-01,472.260009765625,472.260009765625,444.17999267578125,453.69000244140625,6251240000,-0.03950461187888721
1994-12-01,453.54998779296875,462.7300109863281,442.8800048828125,459.2699890136719,6351530000,0.012299117331743048
1995-01-01,459.2099914550781,471.3599853515625,457.20001220703125,470.4200134277344,6852060000,0.024277711761677034
1995-02-01,470.4200134277344,489.19000244140625,469.2900085449219,487.3900146484375,6330100000,0.03607414807259257
1995-03-01,487.3900146484375,508.1499938964844,479.70001220703125,500.7099914550781,7792400000,0.027329195113380722
1995-04-01,500.70001220703125,515.2899780273438,500.20001220703125,514.7100219726562,6307030000,0.027960357804911462
1995-05-01,514.760009765625,533.4099731445312,513.030029296875,533.4000244140625,7555690000,0.03631171269946476
1995-06-01,533.4000244140625,551.0700073242188,526.0,544.75,7555650000,0.021278543431649366
1995-07-01,544.75,565.4000244140625,542.510009765625,562.0599975585938,7307960000,0.03177603957520647
1995-08-01,562.0599975585938,565.6199951171875,553.0399780273438,561.8800048828125,7146620000,-0.0003202374774278205
1995-09-01,561.8800048828125,587.6099853515625,561.010009765625,584.4099731445312,7052830000,0.04009747288732535
1995-10-01,584.4099731445312,590.6599731445312,571.5499877929688,581.5,8043320000,-0.004979335189770229
1995-11-01,581.5,608.6900024414062,581.0399780273438,605.3699951171875,7602150000,0.04104900278106194
1995-12-01,605.3699951171875,622.8800048828125,605.0499877929688,615.9299926757812,7697540000,0.01744387340596476
1996-01-01,615.9299926757812,636.1799926757812,597.2899780273438,636.02001953125,9188050000,0.03261738686923121
1996-02-01,636.02001953125,664.22998046875,633.7100219726562,640.4299926757812,8749960000,0.006933701784703983
1996-03-01,640.4299926757812,656.969970703125,627.6300048828125,645.5,8984200000,0.007916567590839696
1996-04-01,645.5,656.6799926757812,624.1400146484375,654.1699829101562,8875580000,0.01343142201418468
1996-05-01,654.1699829101562,681.0999755859375,630.0700073242188,669.1199951171875,8921140000,0.022853405991703157
1996-06-01,669.1199951171875,680.3200073242188,658.75,670.6300048828125,7930840000,0.0022567099722681228
1996-07-01,670.6300048828125,675.8800048828125,605.8800048828125,639.9500122070312,8849860000,-0.045748016719207696
1996-08-01,639.9500122070312,670.6799926757812,639.489990234375,651.989990234375,7380320000,0.01881393514756069
1996-09-01,651.989990234375,690.8800048828125,643.969970703125,687.3300170898438,8064070000,0.05420332732833044
1996-10-01,687.3099975585938,714.0999755859375,684.4400024414062,705.27001953125,9703670000,0.026101002422918018
1996-11-01,705.27001953125,762.1199951171875,701.2999877929688,757.02001953125,8763850000,0.07337615178140577
1996-12-01,757.02001953125,761.75,716.6900024414062,740.739990234375,9089170000,-0.021505414489508046
1997-01-01,740.739990234375,794.6699829101562,729.5499877929688,786.1599731445312,11635830000,0.061317039054128886
1997-02-01,786.1599731445312,817.6799926757812,773.4299926757812,790.8200073242188,9715930000,0.0059275902346540565
1997-03-01,790.8200073242188,814.9000244140625,756.1300048828125,757.1199951171875,10120760000,-0.04261401064074877
1997-04-01,757.1199951171875,804.1300048828125,733.5399780273438,801.3400268554688,10454880000,0.05840557906734034
1997-05-01,801.3400268554688,851.8699951171875,793.2100219726562,848.280029296875,10106650000,0.05857688480332501
1997-06-01,848.280029296875,902.0900268554688,838.8200073242188,885.1400146484375,10857950000,0.043452614795275846
1997-07-01,885.1400146484375,957.72998046875,884.5399780273438,954.3099975585938,11958120000,0.07814580943742477
1997-08-01,954.2899780273438,964.1699829101562,893.3400268554688,899.469970703125,10606100000,-0.057465631708528364
1997-09-01,899.469970703125,960.5900268554688,899.469970703125,947.280029296875,11383000000,0.053153590615567126
1997-10-01,947.280029296875,983.1199951171875,855.27001953125,914.6199951171875,14017260000,-0.03447769737522033
1997-11-01,914.6199951171875,964.5499877929688,900.6099853515625,955.4000244140625,10173620000,0.04458685521263939
1997-12-01,955.4000244140625,986.25,924.9199829101562,970.4299926757812,11958880000,0.01573159710869443
1998-01-01,970.4299926757812,992.6500244140625,912.8300170898438,980.280029296875,12733830000,0.010150177442407982
1998-02-01,980.280029296875,1051.6600341796875,980.280029296875,1049.3399658203125,11656550000,0.07044919253631243
1998-03-01,1049.3399658203125,1113.0699462890625,1030.8699951171875,1101.75,13719590000,0.049945714341220526
1998-04-01,1101.75,1132.97998046875,1076.699951171875,1111.75,13656060000,0.009076469253460395
1998-05-01,1111.75,1130.52001953125,1074.3900146484375,1090.8199462890625,11477140000,-0.018826223261468433
1998-06-01,1090.8199462890625,1145.1500244140625,1074.6700439453125,1133.8399658203125,13551970000,0.03943824063504042
1998-07-01,1133.8399658203125,1190.5799560546875,1114.300048828125,1120.6700439453125,14194800000,-0.011615326917385427
1998-08-01,1120.6700439453125,1121.7900390625,957.280029296875,957.280029296875,15071550000,-0.14579671825011387
1998-09-01,957.280029296875,1066.1099853515625,939.97998046875,1017.010009765625,16714080000,0.06239551504341101
1998-10-01,1017.010009765625,1103.780029296875,923.3200073242188,1098.6700439453125,18001650000,0.08029422856762891
1998-11-01,1098.6700439453125,1192.969970703125,1098.6700439453125,1163.6300048828125,13451280000,0.05912599628568138
1998-12-01,1163.6300048828125,1244.9300537109375,1136.8900146484375,1229.22998046875,15181450000,0.056375287084956094
1999-01-01,1229.22998046875,1280.3699951171875,1205.4599609375,1279.6400146484375,16213500000,0.04100944085374847
1999-02-01,1279.6400146484375,1283.8399658203125,1211.8900146484375,1238.3299560546875,14555860000,-0.032282562377591306
1999-03-01,1238.3299560546875,1323.8199462890625,1216.030029296875,1286.3699951171875,18002500000,0.0387942154089167
1999-04-01,1286.3699951171875,1371.56005859375,1282.56005859375,1335.1800537109375,18523200000,0.03794402759627746
1999-05-01,1335.1800537109375,1375.97998046875,1277.31005859375,1301.8399658203125,15880260000,-0.024970480796175143
1999-06-01,1301.8399658203125,1372.9300537109375,1277.469970703125,1372.7099609375,16079170000,0.054438331114324834
1999-07-01,1372.7099609375,1420.3299560546875,1328.489990234375,1328.719970703125,15332930000,-0.032046092391091685
1999-08-01,1328.719970703125,1382.8399658203125,1267.72998046875,1320.4100341796875,15818550000,-0.006254091687235008
1999-09-01,1320.4100341796875,1361.3900146484375,1256.260009765625,1282.7099609375,16438700000,-0.028551792448024638
1999-10-01,1282.7099609375,1373.1700439453125,1233.699951171875,1362.9300537109375,18832000000,0.0625395414523846
1999-11-01,1362.9300537109375,1425.31005859375,1346.4100341796875,1388.9100341796875,18384820000,0.019061858969220413
1999-12-01,1388.9100341796875,1473.0999755859375,1387.3800048828125,1469.25,19640690000,0.05784389473992291
2000-01-01,1469.25,1478.0,1350.1400146484375,1394.4599609375,21494400000,-0.05090354879190062
2000-02-01,1394.4599609375,1444.550048828125,1325.0699462890625,1366.4200439453125,20912000000,-0.020108083256356934
2000-03-01,1366.4200439453125,1552.8699951171875,1346.6199951171875,1498.5799560546875,26156200000,0.09671982835364812
2000-04-01,1498.5799560546875,1527.18994140625,1339.4000244140625,1452.4300537109375,20106460000,-0.030795755780191336
2000-05-01,1452.4300537109375,1481.510009765625,1361.0899658203125,1420.5999755859375,19898300000,-0.021915050603417807
2000-06-01,1420.5999755859375,1488.9300537109375,1420.5999755859375,1454.5999755859375,21738300000,0.023933549615877237
2000-07-01,1454.5999755859375,1517.3199462890625,1413.8900146484375,1430.8299560546875,19089100000,-0.016341275904170893
2000-08-01,1430.8299560546875,1525.2099609375,1425.4300537109375,1517.6800537109375,20363700000,0.06069910494167097
2000-09-01,1517.6800537109375,1530.0899658203125,1419.43994140625,1436.510009765625,20838300000,-0.053482974719764265
2000-10-01,1436.52001953125,1454.8199462890625,1305.7900390625,1429.4000244140625,25951400000,-0.00494948542177065
2000-11-01,1429.4000244140625,1438.4599609375,1294.9000244140625,1314.949951171875,20532300000,-0.08006861010730892
2000-12-01,1314.949951171875,1389.050048828125,1254.0699462890625,1320.280029296875,23610800000,0.004053445623728669
2001-01-01,1320.280029296875,1383.3699951171875,1274.6199951171875,1366.010009765625,27829800000,0.03463657667616449
2001-02-01,1366.010009765625,1376.3800048828125,1215.43994140625,1239.93994140625,21644400000,-0.09229073539585964
2001-03-01,1239.93994140625,1267.4200439453125,1081.18994140625,1160.3299560546875,27806610000,-0.06420471080339152
2001-04-01,1160.3299560546875,1269.300048828125,1091.989990234375,1249.4599609375,25409990000,0.07681436165439459
2001-05-01,1249.4599609375,1315.9300537109375,1232.0,1255.8199462890625,24525900000,0.005090187401275648
2001-06-01,1255.8199462890625,1286.6199951171875,1203.030029296875,1224.3800048828125,24748030000,-0.02503538942756467
2001-07-01,1224.4200439453125,1239.780029296875,1165.5400390625,1211.22998046875,23793710000,-0.010740149595403703
2001-08-01,1211.22998046875,1226.27001953125,1124.8699951171875,1133.5799560546875,23359200000,-0.06410840688075747
2001-09-01,1133.5799560546875,1155.4000244140625,944.75,1040.93994140625,25025290000,-0.08172340570563885
2001-10-01,1040.93994140625,1110.6099853515625,1026.760009765625,1059.780029296875,29951280000,0.018099111333141016
2001-11-01,1059.780029296875,1163.3800048828125,1054.31005859375,1139.449951171875,26330000000,0.0751759041240454
2001-12-01,1139.449951171875,1173.6199951171875,1114.530029296875,1148.0799560546875,25128570000,0.0075738340889277556
2002-01-01,1148.0799560546875,1176.969970703125,1081.6600341796875,1130.199951171875,29746200000,-0.015573832456979853
2002-02-01,1130.199951171875,1130.199951171875,1074.3599853515625,1106.72998046875,26047600000,-0.020766211039727644
2002-03-01,1106.72998046875,1173.93994140625,1106.72998046875,1147.3900146484375,26563200000,0.03673889286207466
2002-04-01,1147.3900146484375,1147.8399658203125,1063.4599609375,1076.9200439453125,28568900000,-0.061417625919219065
2002-05-01,1076.9200439453125,1106.5899658203125,1048.9599609375,1067.1400146484375,26905500000,-0.009081481352177012
2002-06-01,1067.1400146484375,1070.739990234375,952.9199829101562,989.8200073242188,29981510000,-0.0724553538081798
2002-07-01,989.8200073242188,994.4600219726562,775.6799926757812,911.6199951171875,42228720000,-0.07900427514940767
2002-08-01,911.6199951171875,965.0,833.4400024414062,916.0700073242188,29298400000,0.004881433306494376
2002-09-01,916.0700073242188,924.02001953125,800.2000122070312,815.280029296875,27723710000,-0.11002431825242787
2002-10-01,815.280029296875,907.4400024414062,768.6300048828125,885.760009765625,37856310000,0.08644880033371405
2002-11-01,885.760009765625,941.8200073242188,872.0499877929688,936.3099975585938,29200960000,0.05706962070498589
2002-12-01,936.3099975585938,954.280029296875,869.4500122070312,879.8200073242188,25993640000,-0.06033257188502883
2003-01-01,879.8200073242188,935.0499877929688,840.3400268554688,855.7000122070312,30749580000,-0.02741469268304464
2003-02-01,855.7000122070312,864.6400146484375,806.2899780273438,841.1500244140625,25235300000,-0.01700360825687175
2003-03-01,841.1500244140625,895.9000244140625,788.9000244140625,848.1799926757812,30080030000,0.008357567684332823
2003-04-01,848.1799926757812,924.239990234375,847.8499755859375,916.9199829101562,29669610000,0.0810441071800323
2003-05-01,916.9199829101562,965.3800048828125,902.8300170898438,963.5900268554688,30952100000,0.050898709609522585
2003-06-01,963.5900268554688,1015.3300170898438,963.5900268554688,974.5,31219400000,0.011322214676852127
2003-07-01,974.5,1015.4099731445312,962.0999755859375,990.3099975585938,31553200000,0.016223701958536507
2003-08-01,990.3099975585938,1011.010009765625,960.8400268554688,1008.010009765625,24881470000,0.017873203593487874
2003-09-01,1008.010009765625,1040.2900390625,990.3599853515625,995.969970703125,29940110000,-0.011944364585525724
2003-10-01,995.969970703125,1053.7900390625,995.969970703125,1050.7099609375,32298500000,0.05496148663571665
2003-11-01,1050.7099609375,1063.6500244140625,1031.199951171875,1058.199951171875,24463220000,0.0071285040713728876
2003-12-01,1058.199951171875,1112.56005859375,1053.4100341796875,1111.9200439453125,27839130000,0.05076554077889206
2004-01-01,1111.9200439453125,1155.3800048828125,1105.0799560546875,1131.1300048828125,32820000000,0.017276386950755285
2004-02-01,1131.1300048828125,1158.97998046875,1124.43994140625,1144.93994140625,27985600000,0.01220897373761054
2004-03-01,1144.93994140625,1163.22998046875,1087.1600341796875,1126.2099609375,33597900000,-0.01635891961786684
2004-04-01,1126.2099609375,1150.5699462890625,1107.22998046875,1107.300048828125,31611900000,-0.016790751960348183
2004-05-01,1107.300048828125,1127.739990234375,1076.3199462890625,1120.6800537109375,29326400000,0.01208345009735412
2004-06-01,1120.6800537109375,1146.3399658203125,1113.3199462890625,1140.8399658203125,27529500000,0.017988998771432563
2004-07-01,1140.8399658203125,1140.8399658203125,1078.780029296875,1101.719970703125,29285600000,-0.034290519520026264
2004-08-01,1101.719970703125,1109.6800537109375,1060.719970703125,1104.239990234375,26586800000,0.0022873503233691306
2004-09-01,1104.239990234375,1131.5400390625,1099.1800537109375,1114.5799560546875,26829870000,0.009363875526838816
2004-10-01,1114.5799560546875,1142.050048828125,1090.2900390625,1130.199951171875,31511000000,0.014014243690939843
2004-11-01,1130.199951171875,1188.4599609375,1127.5999755859375,1173.8199462890625,30460280000,0.03859493629597055
2004-12-01,1173.780029296875,1217.3299560546875,1173.780029296875,1211.9200439453125,31102500000,0.03245821284320516
2005-01-01,1211.9200439453125,1217.800048828125,1163.75,1181.27001953125,31498800000,-0.025290467442294018
2005-02-01,1181.27001953125,1212.43994140625,1180.949951171875,1203.5999755859375,29297410000,0.018903346132113308
2005-03-01,1203.5999755859375,1229.1099853515625,1163.68994140625,1180.5899658203125,39014150000,-0.01911765556028966
2005-04-01,1180.5899658203125,1191.8800048828125,1136.1500244140625,1156.8499755859375,43424270000,-0.020108582083263493
2005-05-01,1156.8499755859375,1199.56005859375,1146.1800537109375,1191.5,39321990000,0.02995204663120865
2005-06-01,1191.5,1219.5899658203125,1188.300048828125,1191.3299560546875,40334040000,-0.00014271417986777557
2005-07-01,1191.3299560546875,1245.1500244140625,1183.550048828125,1234.1800537109375,37464670000,0.03596828690361842
2005-08-01,1234.1800537109375,1245.8599853515625,1201.0699462890625,1220.3299560546875,42030090000,-0.011222104598600069
2005-09-01,1220.3299560546875,1243.1300048828125,1205.3499755859375,1228.81005859375,44777510000,0.00694902431673361
2005-10-01,1228.81005859375,1233.3399658203125,1168.199951171875,1207.010009765625,49793790000,-0.01774077993231349
2005-11-01,1207.010009765625,1270.6400146484375,1201.0699462890625,1249.47998046875,45102870000,0.035186096519093324
2005-12-01,1249.47998046875,1275.800048828125,1246.5899658203125,1248.2900390625,41756130000,-0.0009523493171964548
2006-01-01,1248.2900390625,1294.9000244140625,1245.739990234375,1280.0799560546875,49211650000,0.025466771341108085
2006-02-01,1280.0799560546875,1297.5699462890625,1253.6099853515625,1280.6600341796875,42859940000,0.0004531577283561905
2006-03-01,1280.6600341796875,1310.8800048828125,1268.4200439453125,1294.8699951171875,50905040000,0.011095810408889628
2006-04-01,1302.8800048828125,1318.1600341796875,1280.739990234375,1310.6099853515625,43308430000,0.01215565291784415
2006-05-01,1310.6099853515625,1326.699951171875,1245.3399658203125,1270.0899658203125,54312830000,-0.030916916538203165
2006-06-01,1270.050048828125,1290.6800537109375,1219.2900390625,1270.199951171875,54873260000,8.659650459597046e-05
2006-07-01,1270.06005859375,1280.4200439453125,1224.5400390625,1276.6600341796875,46348220000,0.0050858788034533475
2006-08-01,1278.530029296875,1306.739990234375,1261.300048828125,1303.8199462890625,50485620000,0.02127419311502643
2006-09-01,1303.800048828125,1340.280029296875,1290.9300537109375,1335.8499755859375,49001440000,0.024566297967782313
2006-10-01,1335.8199462890625,1389.449951171875,1327.0999755859375,1377.93994140625,56793620000,0.03150800358539563
2006-11-01,1377.760009765625,1407.8900146484375,1360.97998046875,1400.6300048828125,55343930000,0.016466656343095964
2006-12-01,1400.6300048828125,1431.81005859375,1385.9300537109375,1418.300048828125,47578780000,0.012615782814670462
2007-01-01,1418.030029296875,1441.6099853515625,1403.969970703125,1438.239990234375,56686200000,0.014059043023177953
2007-02-01,1437.9000244140625,1461.5699462890625,1389.4200439453125,1406.8199462890625,51844990000,-0.021846175991944383
2007-03-01,1406.800048828125,1438.8900146484375,1363.97998046875,1420.8599853515625,67622250000,0.009979982939206433
2007-04-01,1420.8299560546875,1498.02001953125,1416.3699951171875,1482.3699951171875,57032470000,0.043290690426759815
2007-05-01,1482.3699951171875,1535.56005859375,1476.699951171875,1530.6199951171875,64958050000,0.032549228707361655
2007-06-01,1530.6199951171875,1540.56005859375,1484.1800537109375,1503.3499755859375,65322800000,-0.01781632254788501
2007-07-01,1504.6600341796875,1555.9000244140625,1454.25,1455.27001953125,70337430000,-0.03198187836198829
2007-08-01,1455.1800537109375,1503.8900146484375,1370.5999755859375,1473.989990234375,91381760000,0.012863572018857905
2007-09-01,1473.9599609375,1538.739990234375,1439.2900390625,1526.75,57809700000,0.03579400817860079
2007-10-01,1527.2900390625,1576.0899658203125,1489.56005859375,1549.3800048828125,76022580000,0.014822338223554832
2007-11-01,1545.7900390625,1545.7900390625,1406.0999755859375,1481.1400146484375,86246950000,-0.04404341737941575
2007-12-01,1479.6300048828125,1523.5699462890625,1435.6500244140625,1468.3599853515625,64821670000,-0.008628508561297932
2008-01-01,1467.969970703125,1471.77001953125,1270.050048828125,1378.550048828125,98475340000,-0.06116343227776988
2008-02-01,1378.5999755859375,1396.02001953125,1316.75,1330.6300048828125,78536130000,-0.03476119273728817
2008-03-01,1330.449951171875,1359.6800537109375,1256.97998046875,1322.699951171875,93189170000,-0.005959623397817415
2008-04-01,1326.4100341796875,1404.5699462890625,1324.3499755859375,1385.5899658203125,85978630000,0.047546697641229096
2008-05-01,1385.969970703125,1440.239990234375,1373.0699462890625,1400.3800048828125,80990480000,0.01067418170406853
2008-06-01,1399.6199951171875,1404.050048828125,1272.0,1280.0,96614040000,-0.08596238482631446
2008-07-01,1276.68994140625,1292.1700439453125,1200.43994140625,1267.3800048828125,124980570000,-0.009859371185302779
2008-08-01,1269.4200439453125,1313.1500244140625,1247.449951171875,1282.8299560546875,86266010000,0.012190464669121548
2008-09-01,1287.8299560546875,1303.0400390625,1106.4200439453125,1166.3599853515625,140007320000,-0.09079143354379215
2008-10-01,1164.1700439453125,1167.030029296875,839.7999877929688,968.75,159823030000,-0.16942452401777075
2008-11-01,968.6699829101562,1007.510009765625,741.02001953125,896.239990234375,115660210000,-0.0748490423387097
2008-12-01,888.6099853515625,918.8499755859375,815.6900024414062,903.25,112884470000,0.007821576633499472
2009-01-01,902.989990234375,943.8499755859375,804.2999877929688,825.8800048828125,112090640000,-0.08565734305805428
2009-02-01,823.0900268554688,875.010009765625,734.52001953125,735.0900268554688,124492210000,-0.10993119762019943
2009-03-01,729.5700073242188,832.97998046875,666.7899780273438,797.8699951171875,161843640000,0.08540446199532292
2009-04-01,793.5900268554688,888.7000122070312,783.3200073242188,872.8099975585938,138855320000,0.09392507914826331
2009-05-01,872.739990234375,930.1699829101562,866.0999755859375,919.1400146484375,131614940000,0.05308144638516654
2009-06-01,923.260009765625,956.22998046875,888.8599853515625,919.3200073242188,112653150000,0.00019582726560996022
2009-07-01,920.8200073242188,996.6799926757812,869.3200073242188,987.47998046875,106635790000,0.07414172714778422
2009-08-01,990.219970703125,1039.469970703125,978.510009765625,1020.6199951171875,116059270000,0.03356018886854417
2009-09-01,1019.52001953125,1080.1500244140625,991.969970703125,1057.0799560546875,112295490000,0.03572334572311964
2009-10-01,1054.9100341796875,1101.3599853515625,1019.9500122070312,1036.18994140625,113410990000,-0.019762000526814205
2009-11-01,1036.1800537109375,1113.68994140625,1029.3800048828125,1095.6300048828125,84981530000,0.05736406145372763
2009-12-01,1098.8900146484375,1130.3800048828125,1085.8900146484375,1115.0999755859375,89515330000,0.017770570919338313
2010-01-01,1116.56005859375,1150.449951171875,1071.5899658203125,1073.8699951171875,90947580000,-0.03697424569226215
2010-02-01,1073.8900146484375,1112.4200439453125,1044.5,1104.489990234375,84561340000,0.028513689046546054
2010-03-01,1105.3599853515625,1180.68994140625,1105.3599853515625,1169.4300537109375,103683550000,0.058796425545497355
2010-04-01,1171.22998046875,1219.800048828125,1170.68994140625,1186.68994140625,116741910000,0.014759230482012997
2010-05-01,1188.5799560546875,1205.1300048828125,1040.780029296875,1089.4100341796875,127662780000,-0.08197584207319053
2010-06-01,1087.300048828125,1131.22998046875,1028.3299560546875,1030.7099609375,110106750000,-0.05388244223983851
2010-07-01,1031.0999755859375,1120.949951171875,1010.9099731445312,1101.5999755859375,94778110000,0.06877784957463517
2010-08-01,1107.530029296875,1129.239990234375,1039.699951171875,1049.3299560546875,85738250000,-0.04744918363260475
2010-09-01,1049.719970703125,1157.1600341796875,1049.719970703125,1141.199951171875,79589450000,0.08755110305113556
2010-10-01,1143.489990234375,1196.1400146484375,1131.8699951171875,1183.260009765625,89536270000,0.03685599403554063
2010-11-01,1185.7099609375,1227.0799560546875,1173.0,1180.550048828125,87151070000,-0.002290249746576656
2010-12-01,1186.5999755859375,1262.5999755859375,1186.5999755859375,1257.6400146484375,80984530000,0.06530004034715509
2011-01-01,1257.6199951171875,1302.6700439453125,1257.6199951171875,1286.1199951171875,92164940000,0.022645574359139164
2011-02-01,1289.1400146484375,1344.0699462890625,1289.1400146484375,1327.219970703125,59223660000,0.03195656372809341
2011-03-01,1328.6400146484375,1332.280029296875,1249.050048828125,1325.8299560546875,89507640000,-0.0010473129391664893
2011-04-01,1329.47998046875,1364.56005859375,1294.699951171875,1363.6099853515625,77364810000,0.028495380666536008
2011-05-01,1365.2099609375,1370.5799560546875,1311.800048828125,1345.199951171875,81708980000,-0.01350095289522324
2011-06-01,1345.199951171875,1345.199951171875,1258.0699462890625,1320.6400146484375,86122730000,-0.018257461652479323
2011-07-01,1320.6400146484375,1356.47998046875,1282.8599853515625,1292.280029296875,81102170000,-0.02147442530666621
2011-08-01,1292.5899658203125,1307.3800048828125,1101.5400390625,1218.8900146484375,108419170000,-0.05679110795232889
2011-09-01,1219.1199951171875,1229.2900390625,1114.219970703125,1131.4200439453125,102786820000,-0.07176198808089651
2011-10-01,1131.2099609375,1292.6600341796875,1074.77001953125,1253.300048828125,98063670000,0.10772303843744147
2011-11-01,1251.0,1277.550048828125,1158.6600341796875,1246.9599609375,84275050000,-0.005058715107011391
2011-12-01,1246.9100341796875,1269.3699951171875,1202.3699951171875,1257.5999755859375,74742430000,0.008532763666636134
2012-01-01,1258.8599853515625,1333.469970703125,1258.8599853515625,1312.4100341796875,79567560000,0.043583062704985354
2012-02-01,1312.449951171875,1378.0400390625,1312.449951171875,1365.6800537109375,78385710000,0.04058946376811723
2012-03-01,1365.9000244140625,1419.1500244140625,1340.030029296875,1408.469970703125,83899660000,0.03133231453144192
2012-04-01,1408.469970703125,1422.3800048828125,1357.3800048828125,1397.9100341796875,74761710000,-0.007497452372495994
2012-05-01,1397.8599853515625,1415.3199462890625,1291.97998046875,1310.3299560546875,86920490000,-0.06265072571454366
2012-06-01,1309.8699951171875,1363.4599609375,1266.739990234375,1362.1600341796875,81582440000,0.03955498222833631
2012-07-01,1362.3299560546875,1391.739990234375,1325.4100341796875,1379.3199462890625,73103810000,0.012597574204787909
2012-08-01,1379.3199462890625,1426.6800537109375,1354.6500244140625,1406.5799560546875,70283810000,0.019763369506085704
2012-09-01,1406.5400390625,1474.510009765625,1396.56005859375,1440.6700439453125,69784280000,0.024236153617775313
2012-10-01,1440.9000244140625,1470.9599609375,1403.280029296875,1412.1600341796875,71752320000,-0.01978940971629395
2012-11-01,1412.199951171875,1434.27001953125,1343.3499755859375,1416.1800537109375,71489310000,0.0028467166850427716
2012-12-01,1416.3399658203125,1448.0,1398.1099853515625,1426.18994140625,66388180000,0.007068230956284616
2013-01-01,1426.18994140625,1509.93994140625,1426.18994140625,1498.1099853515625,75848510000,0.050428096466868855
2013-02-01,1498.1099853515625,1530.93994140625,1485.010009765625,1514.6800537109375,69273480000,0.011060648765041536
2013-03-01,1514.6800537109375,1570.280029296875,1501.47998046875,1569.18994140625,68527110000,0.03598772398287298
2013-04-01,1569.1800537109375,1597.5699462890625,1536.030029296875,1597.5699462890625,77098000000,0.018085767779890016
2013-05-01,1597.550048828125,1687.1800537109375,1581.280029296875,1630.739990234375,76447250000,0.020762811683057825
2013-06-01,1631.7099609375,1654.18994140625,1560.3299560546875,1606.280029296875,74946790000,-0.014999301595580827
2013-07-01,1609.780029296875,1698.780029296875,1604.5699462890625,1685.72998046875,68106820000,0.04946207991308538
2013-08-01,1689.4200439453125,1709.6700439453125,1627.469970703125,1632.969970703125,64802810000,-0.031298019479343964
2013-09-01,1635.949951171875,1729.8599853515625,1633.4100341796875,1681.550048828125,66174410000,0.029749523259195332
2013-10-01,1682.4100341796875,1775.219970703125,1646.469970703125,1756.5400390625,76647400000,0.04459575276194472
2013-11-01,1758.699951171875,1813.550048828125,1746.199951171875,1805.81005859375,63628190000,0.028049471367328715
2013-12-01,1806.550048828125,1849.43994140625,1767.989990234375,1848.3599853515625,64958820000,0.023562791975445974
2014-01-01,1845.8599853515625,1850.8399658203125,1770.449951171875,1782.5899658203125,75871910000,-0.035582905955811595
2014-02-01,1782.6800537109375,1867.9200439453125,1737.9200439453125,1859.449951171875,69725590000,0.0431170301781616
2014-03-01,1857.6800537109375,1883.969970703125,1834.43994140625,1872.3399658203125,71885030000,0.006932165418227054
2014-04-01,1873.9599609375,1897.280029296875,1814.3599853515625,1883.949951171875,71595810000,0.006200789153414155
2014-05-01,1884.3900146484375,1924.030029296875,1859.7900390625,1923.5699462890625,63623630000,0.02103028007328045
2014-06-01,1923.8699951171875,1968.1700439453125,1915.97998046875,1960.22998046875,63283380000,0.019058331749470137
2014-07-01,1962.2900390625,1991.3900146484375,1930.6700439453125,1930.6700439453125,66524690000,-0.015079830845342368
2014-08-01,1929.800048828125,2005.0400390625,1904.780029296875,2003.3699951171875,58131140000,0.037655295579825276
2014-09-01,2004.0699462890625,2019.260009765625,1964.0400390625,1972.2900390625,66706000000,-0.015513837249453988
2014-10-01,1971.43994140625,2018.18994140625,1820.6600341796875,2018.050048828125,93714040000,0.023201460667203078
2014-11-01,2018.2099609375,2075.760009765625,2001.010009765625,2067.56005859375,63600190000,0.02453358864631494
2014-12-01,2065.780029296875,2093.550048828125,1972.56005859375,2058.89990234375,80743820000,-0.004188587515997044
2015-01-01,2058.89990234375,2072.360107421875,1988.1199951171875,1994.989990234375,77330040000,-0.031040805838410623
2015-02-01,1996.6700439453125,2119.590087890625,1980.9000244140625,2104.5,68775560000,0.0548925108906233
2015-03-01,2105.22998046875,2117.52001953125,2039.68994140625,2067.889892578125,76675850000,-0.017396107114219572
2015-04-01,2067.6298828125,2125.919921875,2048.3798828125,2085.510009765625,72060940000,0.008520819822535275
2015-05-01,2087.3798828125,2134.719970703125,2067.929931640625,2107.389892578125,65187730000,0.010491382304589791
2015-06-01,2108.639892578125,2129.8701171875,2056.320068359375,2063.110107421875,73213980000,-0.021011671979729973
2015-07-01,2067.0,2132.820068359375,2044.02001953125,2103.840087890625,77920590000,0.019742029435184882
2015-08-01,2104.489990234375,2112.659912109375,1867.010009765625,1972.1800537109375,84626790000,-0.06258081825586559
2015-09-01,1970.0899658203125,2020.8599853515625,1871.9100341796875,1920.030029296875,79989370000,-0.026442831280001466
2015-10-01,1919.6500244140625,2094.320068359375,1893.699951171875,2079.360107421875,85844900000,0.08298311781266654
2015-11-01,2080.760009765625,2116.47998046875,2019.3900146484375,2080.409912109375,75943590000,0.0005048691103348713
2015-12-01,2082.929931640625,2104.27001953125,1993.260009765625,2043.93994140625,83649260000,-0.017530185032692547
2016-01-01,2038.199951171875,2038.199951171875,1812.2900390625,1940.239990234375,92409770000,-0.0507353220469523
2016-02-01,1936.93994140625,1962.9599609375,1810.0999755859375,1932.22998046875,93049560000,-0.0041283603090035426
2016-03-01,1937.0899658203125,2072.2099609375,1937.0899658203125,2059.739990234375,92639420000,0.06599111444005845
2016-04-01,2056.6201171875,2111.050048828125,2033.800048828125,2065.300048828125,81124990000,0.0026993982833325436
2016-05-01,2067.169921875,2103.47998046875,2025.9100341796875,2096.949951171875,78883600000,0.015324602525288444
2016-06-01,2093.93994140625,2120.550048828125,1991.6800537109375,2098.860107421875,86852700000,0.0009109212401243738
2016-07-01,2099.340087890625,2177.090087890625,2074.02001953125,2173.60009765625,69530250000,0.035609800753315435
2016-08-01,2173.14990234375,2193.81005859375,2147.580078125,2170.949951171875,75610310000,-0.0012192428990193127
2016-09-01,2171.330078125,2187.8701171875,2119.1201171875,2168.27001953125,77023620000,-0.0012344511393173052
2016-10-01,2164.330078125,2169.60009765625,2114.719970703125,2126.14990234375,72915530000,-0.01942567890903446
2016-11-01,2128.679931640625,2214.10009765625,2083.7900390625,2198.81005859375,88445380000,0.034174521829295035
2016-12-01,2200.169921875,2277.530029296875,2187.43994140625,2238.830078125,75344550000,0.01820076244186586
2017-01-01,2251.570068359375,2300.989990234375,2245.1298828125,2278.8701171875,70576420000,0.01788435819838252
2017-02-01,2285.590087890625,2371.5400390625,2271.64990234375,2363.639892578125,69260940000,0.03719816006681631
2017-03-01,2380.1298828125,2400.97998046875,2322.25,2362.719970703125,81664010000,-0.0003891971352694146
2017-04-01,2362.340087890625,2398.159912109375,2328.949951171875,2384.199951171875,65369860000,0.009091208748854607
2017-05-01,2388.5,2418.7099609375,2352.719970703125,2411.800048828125,79719460000,0.011576251246328662
2017-06-01,2415.64990234375,2453.820068359375,2405.699951171875,2423.409912109375,81078810000,0.004813775207812565
2017-07-01,2431.389892578125,2484.0400390625,2407.699951171875,2470.300048828125,63348090000,0.019348826001101882
2017-08-01,2477.10009765625,2490.8701171875,2417.35009765625,2471.64990234375,70784900000,0.000546433019853243
2017-09-01,2474.419921875,2519.43994140625,2446.550048828125,2519.360107421875,66624120000,0.019302978562167672
2017-10-01,2521.199951171875,2582.97998046875,2520.39990234375,2575.260009765625,71088550000,0.02218813506615125
2017-11-01,2583.2099609375,2657.739990234375,2557.449951171875,2647.580078125,73416960000,0.028082627806563343
2017-12-01,2645.10009765625,2694.969970703125,2605.52001953125,2673.610107421875,65531700000,0.009831630594270502
2018-01-01,2683.72998046875,2872.8701171875,2682.360107421875,2823.81005859375,77318690000,0.05617870412552817
2018-02-01,2816.449951171875,2835.9599609375,2532.68994140625,2713.830078125,79933970000,-0.0389473718793677
2018-03-01,2715.219970703125,2801.89990234375,2585.889892578125,2640.8701171875,76803890000,-0.02688449860055664
2018-04-01,2633.449951171875,2717.489990234375,2553.800048828125,2648.050048828125,70194700000,0.0027187749953683227
2018-05-01,2642.9599609375,2742.239990234375,2594.6201171875,2705.27001953125,76011820000,0.0216083418545836
2018-06-01,2718.699951171875,2791.469970703125,2691.989990234375,2718.3701171875,77891360000,0.00484243626760783
2018-07-01,2704.949951171875,2848.030029296875,2698.949951171875,2816.2900390625,64898300000,0.03602155617289915
2018-08-01,2821.169921875,2916.5,2796.340087890625,2901.52001953125,69523070000,0.030263211276748248
2018-09-01,2896.9599609375,2940.909912109375,2864.1201171875,2913.97998046875,63031510000,0.0042942874264617625
2018-10-01,2926.2900390625,2939.860107421875,2603.5400390625,2711.739990234375,91930980000,-0.0694033560936963
2018-11-01,2717.580078125,2815.14990234375,2631.090087890625,2760.169921875,80620020000,0.01785935665477978
2018-12-01,2790.5,2800.179931640625,2346.580078125,2506.85009765625,84162180000,-0.09177689467997252
2019-01-01,2476.9599609375,2708.949951171875,2443.9599609375,2704.10009765625,80859870000,0.07868440166582613
2019-02-01,2702.320068359375,2813.489990234375,2681.830078125,2784.489990234375,70638770000,0.029728889343927145
2019-03-01,2798.219970703125,2860.31005859375,2722.27001953125,2834.39990234375,79159660000,0.01792425624958849
2019-04-01,2848.6298828125,2949.52001953125,2848.6298828125,2945.830078125,70090370000,0.03931349831373798
2019-05-01,2952.330078125,2954.1298828125,2750.52001953125,2752.06005859375,77250740000,-0.0657777313668354
2019-06-01,2751.530029296875,2964.14990234375,2728.81005859375,2941.760009765625,71250630000,0.0689301639982407
2019-07-01,2971.409912109375,3027.97998046875,2952.219970703125,2980.3798828125,70599470000,0.013128152166957952
2019-08-01,2980.320068359375,3013.590087890625,2822.1201171875,2926.4599609375,80269220000,-0.018091627240523933
2019-09-01,2909.010009765625,3021.989990234375,2891.85009765625,2976.739990234375,74178980000,0.017181177931020697
2019-10-01,2983.68994140625,3050.10009765625,2855.93994140625,3037.56005859375,77720640000,0.020431770513684056
2019-11-01,3050.719970703125,3154.260009765625,3050.719970703125,3140.97998046875,72410620000,0.034047037714499906
2019-12-01,3143.85009765625,3247.929931640625,3070.330078125,3230.780029296875,72325540000,0.02858981890573009
2020-01-01,3244.669921875,3337.77001953125,3214.639892578125,3225.52001953125,77287980000,-0.0016280928190489652
2020-02-01,3235.659912109375,3393.52001953125,2855.840087890625,2954.219970703125,84436590000,-0.08411048363840312
2020-03-01,2974.280029296875,3136.719970703125,2191.860107421875,2584.590087890625,162185380000,-0.12511928240892822
2020-04-01,2498.080078125,2954.860107421875,2447.489990234375,2912.429931640625,123608160000,0.1268440381652789
2020-05-01,2869.090087890625,3068.669921875,2766.639892578125,3044.31005859375,107135190000,0.04528181966555822
2020-06-01,3038.780029296875,3233.1298828125,2965.659912109375,3100.2900390625,131458880000,0.01838839651392421
2020-07-01,3105.919921875,3279.989990234375,3101.169921875,3271.1201171875,96928130000,0.055101321480443666
2020-08-01,3288.260009765625,3514.77001953125,3284.530029296875,3500.31005859375,82466520000,0.07006466690171775
2020-09-01,3507.43994140625,3588.110107421875,3209.449951171875,3363.0,92310780000,-0.039227970178423055
2020-10-01,3385.8701171875,3549.85009765625,3233.93994140625,3269.9599609375,89938980000,-0.027665786221379718
2020-11-01,3296.199951171875,3645.989990234375,3279.739990234375,3621.6298828125,101247180000,0.10754563544385909
2020-12-01,3645.8701171875,3760.199951171875,3633.39990234375,3756.070068359375,96375680000,0.03712145909357001
2021-01-01,3764.610107421875,3870.89990234375,3662.7099609375,3714.239990234375,106117800000,-0.011136660755445171
2021-02-01,3731.169921875,3950.429931640625,3725.6201171875,3811.14990234375,99082320000,0.026091451377448394
2021-03-01,3842.510009765625,3994.409912109375,3723.340087890625,3972.889892578125,122371150000,0.042438632533165155
2021-04-01,3992.780029296875,4218.77978515625,3992.780029296875,4181.169921875,83124090000,0.05242532134755851
2021-05-01,4191.97998046875,4238.0400390625,4056.8798828125,4204.10986328125,88321860000,0.00548648867060697
2021-06-01,4216.52001953125,4302.43017578125,4164.39990234375,4297.5,102544180000,0.022214009565834747
2021-07-01,4300.72998046875,4429.97021484375,4233.1298828125,4395.259765625,84255620000,0.02274805482838871
2021-08-01,4406.85986328125,4537.35986328125,4367.72998046875,4522.68017578125,80500760000,0.028990416255438634
2021-09-01,4528.7998046875,4545.85009765625,4305.91015625,4307.5400390625,85528860000,-0.047569168801901096
2021-10-01,4317.16015625,4608.080078125,4278.93994140625,4605.3798828125,80253600000,0.0691438364006065
2021-11-01,4610.6201171875,4743.830078125,4560.0,4567.0,88268840000,-0.008333706184746159
2021-12-01,4602.81982421875,4808.93017578125,4495.1201171875,4766.18017578125,92750180000,0.04361291346206486
